label,label_num,message
ham,0,"Go until jurong point, crazy.. Available only in bugis n great world la e buffet... Cine there got amore wat..."
ham,0,Ok lar... Joking wif u oni...
spam,1,Free entry in 2 a wkly comp to win FA Cup final tkts 21st May 2005. Text FA to 87121 to receive entry question.
ham,0,U dun say so early hor... U c already then say...
ham,0,"Nah I don't think he goes to usf, he lives around here though"
spam,1,FreeMsg Hey there darling it's been 3 week's now and no word back! I'd like some fun you up for it still?
ham,0,Even my brother is not like to speak with me. They treat me like aids patent.
ham,0,As per your request Melle Melle has been set as your callertune for all Callers.
spam,1,WINNER!! As a valued network customer you have been selected to receive a prize reward! To claim call now.
spam,1,Had your mobile 11 months or more? You are entitled to update to the latest colour mobile with camera for free.
ham,0,I'm gonna be home soon and i don't want to talk about this stuff anymore tonight.
spam,1,SIX chances to win CASH! Text CSH11 and send to 87575. Cost applies.
spam,1,URGENT! You have won a 1 week FREE membership in our Prize Jackpot! Txt the word CLAIM now.
ham,0,Finally the match heading towards draw as your prediction.
ham,0,Tired. I haven't slept well the past few nights.
ham,0,Easy ah?sen got selected means its good..
ham,0,I have to take exam with march 3
ham,0,Yeah you should. I think you can use your card to register. Let me know if I can help.
ham,0,Ok no prob. Take ur time.
ham,0,There is os called ubuntu which will run without installing in hard disk.
ham,0,"Sorry, I'll call later"
ham,0,U say leh... Of course nothing happen lar.
spam,1,"500 New Mobiles from 2004, MUST GO! Txt NOKIA to collect yours today."
ham,0,Would really appreciate if you call me. Just need someone to talk to.
spam,1,"Will u meet ur dream partner soon? To find out free, txt HORO followed by your star sign."
ham,0,Hey company elama po mudyadhu.
ham,0,Life is more strict than teacher. Life first conducts exam and then teaches lessons.
ham,0,Dear good morning now only i am up
ham,0,Get down in gandhipuram and walk to cross cut road.
ham,0,Dear we are going to our rubber place
ham,0,"Sorry battery died, yeah I'm here"
ham,0,Yes here tv is always available in work place.
spam,1,Text and meet someone today. You can find a date or even flirt. Reply with NAME and AGE.
ham,0,I have printed it oh. So come upstairs
ham,0,Or ill be a little closer like at the bus stop on the same street
ham,0,Where are you? when will you reach here?
ham,0,Argument wins the situation but loses the person. So dont argue with your friends.
ham,0,Dude we should go sup again
ham,0,Yoyyooo u know how to change permissions for a drive in mac.
ham,0,Gibbs unsold.mike hussey
ham,0,I like to talk pa but am not able to. I dont know why.
ham,0,Y dun cut too short leh. U dun like ah? She failed. She's quite sad.
ham,0,Wife. how she knew the time of murder exactly
ham,0,Why do you ask princess?
ham,0,I am great princess! What are you thinking about me?
ham,0,It's ok i know you're busy but i'm really too bored so i msg u.
ham,0,Doesn't he have class early tomorrow?
ham,0,Be grateful that u dont have everything u want. That means u still have an opportunity to be happier tomorrow.
ham,0,Hope you are having a good week. Just checking in
ham,0,I'm used to it. I just hope my agents don't drop me since i've only booked a few things this year.
ham,0,"Thursday night? Yeah, sure thing, we'll work it out then"
spam,1,Your free ringtone is waiting to be collected. Simply text the password MIX to verify.
ham,0,Probably money worries. Things are coming due and i have several outstanding invoices for work.
ham,0,How is it possible to teach you. And where.
ham,0,"I wonder if your phone battery went dead? I had to tell you, I love you babe"
ham,0,Lovely smell on this bus and it ain't tobacco.
ham,0,We're all getting worried over here.
ham,0,Hey what's up charles sorry about the late reply.
spam,1,"All the latest from Stereophonics, Marley, Dizzee Rascal and The Strokes! Win games with Flirt."
ham,0,I will give her once i have it. Plus she said greet you whenever we speak
ham,0,WHITE FUDGE OREOS ARE IN STORES
spam,1,"January Male Sale! Hot chat now cheaper, call this number. To stop texts call another number."
ham,0,My love! How come it took you so long to leave? I miss you
ham,0,I am sorry it hurt you.
ham,0,Can't. I feel nauseous. I'm so upset. I didn't eat any sweets all week.
ham,0,Ok lor but not too early. Me still having project meeting now.
ham,0,"Call me da, i am waiting for your call."
ham,0,I could ask carlos if we could get more if anybody else can chip in
ham,0,Was actually about to send you a reminder today. Have a wonderful weekend
ham,0,"When people see my msgs, they think I am addicted to messaging."
ham,0,Hey you gave them your photo when you registered for driving ah?
ham,0,Dont talk to him ever ok its my word.
ham,0,When u wana see it then
ham,0,On my way to school. Can you please send me ashley's number
ham,0,It shall be fine. I have avalarr now. Will hollalater
ham,0,She went to attend another two rounds today but still did not reach home.
ham,0,Actually i deleted my old website now i am blogging.
ham,0,"K, wait chikku.. i will send after few mins"
ham,0,But I'm on a diet. And I ate too many slices of pizza yesterday.
ham,0,K i will give my account details
ham,0,Oh all have to come ah?
spam,1,Money! You are a lucky winner. To claim your prize text MONEY now.
ham,0,I'm really sorry i won't be able to do this friday. Hope you can find an alternative.
ham,0,Congratulations and I wish you many happy moments wherever you go
ham,0,So do you have samus shoulders yet
ham,0,What time you think you'll have it? Need to know when I should be near campus
spam,1,"Dear customer please call from a landline, your complimentary holiday or cash await collection."
ham,0,Then dun wear jeans lor...
ham,0,"Since when, which side, any fever, any vomiting."
ham,0,K are you in college?
spam,1,Urgent! Call from landline. Your complimentary holiday or cash await collection.
ham,0,Better. Made up for Friday and stuffed myself like a pig yesterday.
ham,0,No we sell it all so we'll have tons of coins.
ham,0,They are doing it to lots of places. Only hospitals and medical places are safe.
spam,1,How about getting in touch with folks waiting for company? Just txt back your NAME and AGE.
ham,0,I sent my scores and had to do secondary application for a few schools.
ham,0,"Contact joke ogunrinde, her school is one of the less expensive ones"
ham,0,I cant wait to see you! How were the photos useful?
spam,1,Your cash balance is currently 500 pounds. To maximize your cash send GO now.
ham,0,Hey i booked the kb on sat already.
ham,0,What other lessons are we going for ah?
ham,0,Keep your sat night free we need to meet and confirm our lodging
ham,0,Is that what time you want me to come?
ham,0,"Awesome, lemme know whenever you're around"
ham,0,Shb b ok lor... Thanx...
ham,0,Also remember to get dobby's bowl from your car
spam,1,Filthy stories and girls waiting for you.
ham,0,Sorry i now then see your message. Tomorrow you will have a brand new room to sleep in.
ham,0,"Love isn't a decision, it's a feeling."
ham,0,Welp apparently he retired
ham,0,Can you reply to confirm I've sent this to the right person?
ham,0,Where are you?
ham,0,U sure u can't take any sick time?
spam,1,URGENT! We are trying to contact you. Today's draw shows that you have won a guaranteed prize.
ham,0,"Watching cartoon, listening music and at evening had to go temple and church."
ham,0,Are you this much busy
ham,0,I am not sure about night menu. I know only about noon menu
ham,0,What do you want when i come back?
ham,0,Are you willing to go for aptitude class.
ham,0,"It wont be until 2.15 as trying to sort house out, is that ok?"
ham,0,Yar lor he wan to go see horse racing today.
ham,0,"Haha awesome, on my way back now then"
ham,0,Yup i think so until the shop closes lor.
ham,0,What is your account number?
ham,0,Eh u send wrongly lar...
ham,0,Ok i shall talk to him
ham,0,Dont hesitate.
spam,1,Congrats! Two mobile videophones are yours. Call now to claim.
ham,0,Look at the time. What do you think is up
ham,0,Yo guess what I just dropped
ham,0,Carlos says he'll be at mu in few minutes
ham,0,I'm in office now. I will call you in a few minutes.
ham,0,"I miss you already, you know? You're all I can think about."
ham,0,I will once i get home
ham,0,"The table's occupied, I'm waiting by the tree"
ham,0,I surely dont forgot to come. I will always be in touch with you.
ham,0,Hi kindly give us back our documents which we submitted for loan.
ham,0,I dont have i shall buy one dear
ham,0,Oh god i am happy to see your message after 3 days
ham,0,What year and how many miles?
ham,0,Hey cutie. How goes it?
spam,1,FREE for first week! Nokia tone for your mobile every week. Text NOKIA to get texting.
ham,0,No. Its not specialisation. Can work but its slave labor.
ham,0,Is she replying. Has boye changed his phone number
ham,0,Go to write message. Put on dictionary mode. Cover the screen with hand.
ham,0,Hi my darlin im on my way to London and we have just been smashed into by another driver.
ham,0,"Nothing really, just making sure everybody's up to speed"
ham,0,I'm not coming home for dinner.
ham,0,"Thank you. And by the way, I just lost."
ham,0,Yes he has good cricketing mind
spam,1,Shop till you drop. Is it you? Cash or travel voucher. Call now.
ham,0,Can I please come up now? I'm in town and really need to do something.
ham,0,I wont. So what's with the guys
ham,0,You haven't tried yet and never played original either
ham,0,"Hiya, had a good day? Have you spoken since the weekend?"
ham,0,See? I thought it all through
ham,0,I'm at work. Please call
ham,0,"Oh ok, why you got job then whats up?"
ham,0,I don't think so. You don't need to be going out that late on a school night.
ham,0,Ok.
ham,0,PS you know you're a grown up now right?
ham,0,"Chinatown got porridge, claypot rice, yam cake, fishhead beehoon."
ham,0,Purity of friendship is not about smiling after reading the forwarded message.
spam,1,FREE camera phones with line rental. Half price text bundle deals also available.
ham,0,Yup I should have around 10 pages if I add figures.
ham,0,Thank you so much for the call. I appreciate your care.
ham,0,Congrats! Treat pending. I am not on mail for 2 days.
ham,0,I called but no one picked up the phone.
ham,0,Hi my email address has changed now.
ham,0,Happy Valentines Day in advance.
ham,0,"Not much, just some texting. How about you?"
ham,0,Bring it if you got it
ham,0,I'm in a movie. Call me for what?
ham,0,Not sure I have the stomach for it.
ham,0,Haha can. But i'm having dinner with my cousin.
ham,0,A boy was late to home. His father asked why.
ham,0,Raji please do me a favour. Please convey my birthday wishes.
spam,1,URGENT! Your mobile number won a bonus caller prize. This is the second attempt to reach you.
ham,0,Usually the body takes care of it by making sure it doesn't progress.
spam,1,URGENT! Your holiday or cash await collection. Call now to claim.
ham,0,"Hmm well, night night"
ham,0,Just wanted to say you guys were not kidding.
ham,0,"This is one of the days you have a billion classes, right?"
ham,0,"Good morning, today I am late for two hours because of back pain."
ham,0,Ok then I'll let him know later and ask him to call you tomorrow.
ham,0,I'm sorry from heart.
ham,0,Ok I'm walking around now. Do you want me to buy anything?
ham,0,Will have two more cartons off you and is very pleased with shelves
ham,0,Nice talking to you! Please dont forget my picture.
spam,1,You have WON a guaranteed cash prize. To claim your prize call customer service.
ham,0,But really quite funny lor what.
ham,0,Great. I was getting worried about you.
spam,1,Thanks for your ringtone order. Your mobile will be charged. Call customer services if not arrived.
